{
  "c": [
    1.10713,
    1.10288,
    1.10397,
    1.10182,
    1.10713,
    1.10288,
    1.10397,
    1.10182,
    1.10713,
    1.10288,
    1.10397,
    1.10182
  ],
  "h": [
    1.1074,
    1.10751,
    1.10729,
    1.10595,
    1.1074,
    1.10751,
    1.10729,
    1.10595,
    1.1074,
    1.10751,
    1.10729,
    1.10595
  ],
  "l": [
    1.09897,
    1.1013,
    1.10223,
    1.10101,
    1.09897,
    1.1013,
    1.10223,
    1.10101,
    1.09897,
    1.1013,
    1.10223,
    1.10101
  ],
  "o": [
    1.0996,
    1.107,
    1.10269,
    1.10398,
    1.0996,
    1.107,
    1.10269,
    1.10398,1.0996,
    1.107,
    1.10269,
    1.10398
  ],
  "s": "ok",
  "t": [
    1732953235000,
    1733039635000,
    1733126035000,
    1733212435000,
    1733298835000,
    1733385235000,
    1733471635000,
    1733558035000,
    1733644435000,
    1733730835000,
    1733817235000,
    1733903635000
  ],
  "v": [
    75789,
    75883,
    73485,
    5138,
    75789,
    75883,
    73485,
    5138,
    75789,
    75883,
    73485,
    5138
  ]
}